userID,type,username,password,name,address,balance,isDeleted,department,rollNo,designation,position,membershipLevel
1,premium,bilal1,bilal1@123,Bilal Rehman,House 967 - Faisalabad,1314.05,0,,,,,Diamond
2,student,rizwan2,rizwan2@123,Rizwan Hussain,House 729 - Faisalabad,115.21,0,Business Administration,1002,,,
3,student,hassan3,hassan3@123,Hassan Ansari,House 619 - Islamabad,160.45,0,Computer Science,1003,,,
4,student,tariq4,tariq4@123,Tariq Butt,House 610 - Rawalpindi,195.37,0,Electrical Engineering,1004,,,
5,student,imran5,imran5@123,Imran Siddiqui,House 840 - Quetta,115.47,0,Physics,1005,,,
6,student,hussain6,hussain6@123,Hussain Khan,House 767 - Rawalpindi,170.52,0,Software Engineering,1006,,,
7,student,danish7,danish7@123,Danish Rehman,House 986 - Rawalpindi,65.16,0,Mathematics,1007,,,
8,student,saad8,saad8@123,Saad Butt,House 195 - Islamabad,118.96,0,Software Engineering,1008,,,
9,student,shahzaib9,shahzaib9@123,Shahzaib Farooq,House 48 - Peshawar,173.72,0,Mathematics,1009,,,
10,student,hussain10,hussain10@123,Hussain Iqbal,House 114 - Quetta,10.23,0,Software Engineering,1010,,,
11,student,noman11,noman11@123,Noman Siddiqui,House 685 - Islamabad,4.3,0,Computer Science,1011,,,
12,student,hassan12,hassan12@123,Hassan Farooq,House 65 - Islamabad,193.78,0,Business Administration,1012,,,
13,student,shahzaib13,shahzaib13@123,Shahzaib Ahmed,House 823 - Peshawar,4.61,0,Electrical Engineering,1013,,,
14,student,shahzaib14,shahzaib14@123,Shahzaib Baig,House 938 - Peshawar,142.81,0,Mechanical Engineering,1014,,,
15,student,farhan15,farhan15@123,Farhan Shah,House 847 - Quetta,64.43,0,Electrical Engineering,1015,,,
16,student,kamran16,kamran16@123,Kamran Farooq,House 342 - Karachi,75.89,0,Business Administration,1016,,,
17,student,noman17,noman17@123,Noman Rehman,House 231 - Quetta,111.51,0,Software Engineering,1017,,,
18,student,hamza18,hamza18@123,Hamza Ansari,House 76 - Peshawar,135.24,0,Electrical Engineering,1018,,,
19,student,kamran19,kamran19@123,Kamran Khan,House 625 - Hyderabad,11.77,0,Mechanical Engineering,1019,,,
20,student,saad20,saad20@123,Saad Sheikh,House 508 - Faisalabad,18.75,0,Mechanical Engineering,1020,,,
21,student,adnan21,adnan21@123,Adnan Hussain,House 801 - Lahore,37.93,0,Mechanical Engineering,1021,,,
22,student,salman22,salman22@123,Salman Sheikh,House 644 - Multan,112.86,0,Computer Science,1022,,,
23,student,kamran23,kamran23@123,Kamran Hussain,House 358 - Lahore,160.28,0,Mechanical Engineering,1023,,,
24,student,shahzaib24,shahzaib24@123,Shahzaib Iqbal,House 341 - Rawalpindi,44.81,0,Electrical Engineering,1024,,,
25,student,ahsan25,ahsan25@123,Ahsan Iqbal,House 822 - Islamabad,190.31,0,Computer Science,1025,,,
26,student,shahzaib26,shahzaib26@123,Shahzaib Chaudhry,House 853 - Islamabad,19.08,0,Mechanical Engineering,1026,,,
27,student,adnan27,adnan27@123,Adnan Farooq,House 304 - Hyderabad,80.7,0,Software Engineering,1027,,,
28,student,hamza28,hamza28@123,Hamza Farooq,House 17 - Hyderabad,91.03,0,Computer Science,1028,,,
29,student,ahsan29,ahsan29@123,Ahsan Rehman,House 745 - Peshawar,25.77,0,Mechanical Engineering,1029,,,
30,student,farhan30,farhan30@123,Farhan Shah,House 275 - Islamabad,66.51,0,Business Administration,1030,,,
31,student,rizwan31,rizwan31@123,Rizwan Butt,House 127 - Rawalpindi,122.63,0,Computer Science,1031,,,
32,student,ahmed32,ahmed32@123,Ahmed Ahmed,House 983 - Hyderabad,9.17,0,Electrical Engineering,1032,,,
33,student,farhan33,farhan33@123,Farhan Rehman,House 284 - Sialkot,155.07,0,Business Administration,1033,,,
34,student,imran34,imran34@123,Imran Butt,House 752 - Islamabad,26.85,0,Software Engineering,1034,,,
35,student,ahsan35,ahsan35@123,Ahsan Farooq,House 377 - Quetta,166.06,0,Computer Science,1035,,,
36,student,zain36,zain36@123,Zain Chaudhry,House 741 - Peshawar,128.26,0,Mechanical Engineering,1036,,,
37,student,tariq37,tariq37@123,Tariq Hussain,House 911 - Lahore,97.41,0,Mathematics,1037,,,
38,student,ahsan38,ahsan38@123,Ahsan Ahmed,House 132 - Islamabad,2.45,0,Business Administration,1038,,,
39,student,adnan39,adnan39@123,Adnan Hussain,House 184 - Hyderabad,122.5,0,Business Administration,1039,,,
40,student,danish40,danish40@123,Danish Siddiqui,House 207 - Multan,28.84,0,Computer Science,1040,,,
41,student,shahzaib41,shahzaib41@123,Shahzaib Ansari,House 920 - Rawalpindi,17.84,0,Mathematics,1041,,,
42,student,imran42,imran42@123,Imran Ahmed,House 139 - Lahore,191.57,0,Mechanical Engineering,1042,,,
43,student,hamza43,hamza43@123,Hamza Malik,House 330 - Sialkot,132.3,0,Computer Science,1043,,,
44,student,hassan44,hassan44@123,Hassan Khan,House 387 - Sialkot,49.38,0,Mathematics,1044,,,
45,student,saad45,saad45@123,Saad Malik,House 553 - Faisalabad,62.83,0,Electrical Engineering,1045,,,
46,student,danish46,danish46@123,Danish Khan,House 554 - Sialkot,130.55,0,Physics,1046,,,
47,student,danish47,danish47@123,Danish Shah,House 198 - Sialkot,157.46,0,Physics,1047,,,
48,student,hassan48,hassan48@123,Hassan Baig,House 904 - Lahore,191.87,0,Business Administration,1048,,,
49,student,zain49,zain49@123,Zain Baig,House 872 - Rawalpindi,54.73,0,Software Engineering,1049,,,
50,student,usman50,usman50@123,Usman Farooq,House 279 - Islamabad,46.55,0,Computer Science,1050,,,
51,student,danish51,danish51@123,Danish Khan,House 678 - Multan,109.76,0,Software Engineering,1051,,,
52,student,noman52,noman52@123,Noman Shah,House 810 - Karachi,70.76,0,Mechanical Engineering,1052,,,
53,student,rizwan53,rizwan53@123,Rizwan Chaudhry,House 497 - Peshawar,193.25,0,Business Administration,1053,,,
54,student,imran54,imran54@123,Imran Ansari,House 344 - Lahore,29.19,0,Electrical Engineering,1054,,,
55,student,saad55,saad55@123,Saad Baig,House 363 - Rawalpindi,182.81,0,Mathematics,1055,,,
56,student,hassan56,hassan56@123,Hassan Butt,House 905 - Islamabad,182.47,0,Electrical Engineering,1056,,,
57,student,kamran57,kamran57@123,Kamran Malik,House 539 - Islamabad,196.57,0,Business Administration,1057,,,
58,student,hussain58,hussain58@123,Hussain Ansari,House 929 - Lahore,36.73,0,Business Administration,1058,,,
59,student,rizwan59,rizwan59@123,Rizwan Qureshi,House 712 - Rawalpindi,130.33,0,Electrical Engineering,1059,,,
60,student,danish60,danish60@123,Danish Shah,House 608 - Hyderabad,156.86,0,Mechanical Engineering,1060,,,
61,student,tariq61,tariq61@123,Tariq Chaudhry,House 452 - Quetta,22.9,0,Physics,1061,,,
62,student,ahmed62,ahmed62@123,Ahmed Qureshi,House 413 - Sialkot,135.37,0,Software Engineering,1062,,,
63,student,hamza63,hamza63@123,Hamza Baig,House 968 - Faisalabad,134.23,0,Business Administration,1063,,,
64,student,danish64,danish64@123,Danish Ansari,House 210 - Quetta,28.08,0,Software Engineering,1064,,,
65,student,tariq65,tariq65@123,Tariq Ansari,House 285 - Peshawar,95.64,0,Business Administration,1065,,,
66,student,kamran66,kamran66@123,Kamran Sheikh,House 832 - Karachi,62.11,0,Physics,1066,,,
67,student,hassan67,hassan67@123,Hassan Chaudhry,House 1 - Karachi,175.89,0,Computer Science,1067,,,
68,student,hamza68,hamza68@123,Hamza Butt,House 937 - Islamabad,193.55,0,Physics,1068,,,
69,student,tariq69,tariq69@123,Tariq Baig,House 950 - Peshawar,108.84,0,Physics,1069,,,
70,student,saad70,saad70@123,Saad Ahmed,House 944 - Hyderabad,177.06,0,Electrical Engineering,1070,,,
71,student,danish71,danish71@123,Danish Ahmed,House 869 - Islamabad,59.66,0,Mechanical Engineering,1071,,,
72,student,zain72,zain72@123,Zain Chaudhry,House 519 - Multan,161.5,0,Physics,1072,,,
73,student,kamran73,kamran73@123,Kamran Shah,House 192 - Multan,118.36,0,Computer Science,1073,,,
74,student,hussain74,hussain74@123,Hussain Iqbal,House 156 - Peshawar,36.68,0,Computer Science,1074,,,
75,student,usman75,usman75@123,Usman Iqbal,House 484 - Islamabad,123.95,0,Business Administration,1075,,,
76,student,imran76,imran76@123,Imran Chaudhry,House 324 - Rawalpindi,140.15,0,Computer Science,1076,,,
77,student,shahzaib77,shahzaib77@123,Shahzaib Iqbal,House 543 - Hyderabad,142.56,0,Mathematics,1077,,,
78,student,noman78,noman78@123,Noman Baig,House 313 - Islamabad,18,0,Mechanical Engineering,1078,,,
79,student,adnan79,adnan79@123,Adnan Farooq,House 895 - Lahore,117.59,0,Electrical Engineering,1079,,,
80,student,ahsan80,ahsan80@123,Ahsan Chaudhry,House 271 - Faisalabad,30.46,0,Mathematics,1080,,,
81,student,usman81,usman81@123,Usman Ahmed,House 952 - Lahore,78.64,0,Software Engineering,1081,,,
82,student,ahsan82,ahsan82@123,Ahsan Rehman,House 620 - Peshawar,185.28,0,Physics,1082,,,
83,student,usman83,usman83@123,Usman Rehman,House 375 - Rawalpindi,154.05,0,Mechanical Engineering,1083,,,
84,student,tariq84,tariq84@123,Tariq Chaudhry,House 363 - Karachi,115.48,0,Business Administration,1084,,,
85,student,ahmed85,ahmed85@123,Ahmed Shah,House 653 - Peshawar,4.21,0,Electrical Engineering,1085,,,
86,student,kamran86,kamran86@123,Kamran Butt,House 588 - Peshawar,49.36,0,Business Administration,1086,,,
87,student,ahsan87,ahsan87@123,Ahsan Siddiqui,House 682 - Multan,35.1,0,Computer Science,1087,,,
88,student,ali88,ali88@123,Ali Ahmed,House 485 - Islamabad,189,0,Mathematics,1088,,,
89,student,ali89,ali89@123,Ali Farooq,House 978 - Faisalabad,5.6,0,Mathematics,1089,,,
90,student,hussain90,hussain90@123,Hussain Ansari,House 461 - Lahore,76.24,0,Electrical Engineering,1090,,,
91,student,salman91,salman91@123,Salman Siddiqui,House 262 - Karachi,192.66,0,Computer Science,1091,,,
92,student,ahmed92,ahmed92@123,Ahmed Iqbal,House 182 - Peshawar,10.26,0,Electrical Engineering,1092,,,
93,student,hamza93,hamza93@123,Hamza Baig,House 739 - Faisalabad,83.67,0,Mechanical Engineering,1093,,,
94,student,bilal94,bilal94@123,Bilal Shah,House 179 - Islamabad,71.07,0,Business Administration,1094,,,
95,student,kamran95,kamran95@123,Kamran Sheikh,House 887 - Hyderabad,38.16,0,Mathematics,1095,,,
96,student,kamran96,kamran96@123,Kamran Khan,House 630 - Hyderabad,93.22,0,Mechanical Engineering,1096,,,
97,student,ali97,ali97@123,Ali Khan,House 961 - Rawalpindi,98.17,0,Computer Science,1097,,,
98,student,hassan98,hassan98@123,Hassan Ahmed,House 242 - Faisalabad,136.52,0,Mathematics,1098,,,
99,student,usman99,usman99@123,Usman Malik,House 788 - Peshawar,151.87,0,Software Engineering,1099,,,
100,student,kamran100,kamran100@123,Kamran Farooq,House 125 - Hyderabad,150.03,0,Electrical Engineering,1100,,,
101,student,zain101,zain101@123,Zain Ansari,House 671 - Lahore,71.37,0,Computer Science,1101,,,
102,student,saad102,saad102@123,Saad Qureshi,House 746 - Peshawar,35.44,0,Electrical Engineering,1102,,,
103,student,shahzaib103,shahzaib103@123,Shahzaib Farooq,House 109 - Rawalpindi,76.65,0,Mathematics,1103,,,
104,student,imran104,imran104@123,Imran Ansari,House 59 - Rawalpindi,105.22,0,Computer Science,1104,,,
105,student,bilal105,bilal105@123,Bilal Chaudhry,House 715 - Islamabad,30.97,0,Electrical Engineering,1105,,,
106,student,ahsan106,ahsan106@123,Ahsan Butt,House 560 - Islamabad,42.53,0,Electrical Engineering,1106,,,
107,student,hussain107,hussain107@123,Hussain Hussain,House 44 - Sialkot,36.49,0,Electrical Engineering,1107,,,
108,student,tariq108,tariq108@123,Tariq Baig,House 837 - Islamabad,195.02,0,Mechanical Engineering,1108,,,
109,student,saad109,saad109@123,Saad Butt,House 475 - Islamabad,22.31,0,Mathematics,1109,,,
110,student,ahsan110,ahsan110@123,Ahsan Farooq,House 261 - Karachi,195.95,0,Mechanical Engineering,1110,,,
111,student,shahzaib111,shahzaib111@123,Shahzaib Ansari,House 571 - Islamabad,74.18,0,Electrical Engineering,1111,,,
112,student,zain112,zain112@123,Zain Farooq,House 300 - Sialkot,1.74,0,Electrical Engineering,1112,,,
113,student,tariq113,tariq113@123,Tariq Qureshi,House 497 - Islamabad,98.97,0,Software Engineering,1113,,,
114,student,danish114,danish114@123,Danish Baig,House 932 - Karachi,17.95,0,Mathematics,1114,,,
115,student,hussain115,hussain115@123,Hussain Farooq,House 451 - Hyderabad,5.81,0,Software Engineering,1115,,,
116,student,ahmed116,ahmed116@123,Ahmed Ahmed,House 693 - Sialkot,32.56,0,Business Administration,1116,,,
117,student,saad117,saad117@123,Saad Farooq,House 193 - Peshawar,81.48,0,Business Administration,1117,,,
118,student,danish118,danish118@123,Danish Qureshi,House 814 - Islamabad,47.99,0,Computer Science,1118,,,
119,student,bilal119,bilal119@123,Bilal Ansari,House 927 - Rawalpindi,3.91,0,Electrical Engineering,1119,,,
120,student,kamran120,kamran120@123,Kamran Iqbal,House 636 - Multan,116.66,0,Electrical Engineering,1120,,,
121,student,shahzaib121,shahzaib121@123,Shahzaib Siddiqui,House 432 - Islamabad,123.9,0,Mathematics,1121,,,
122,student,danish122,danish122@123,Danish Rehman,House 85 - Peshawar,86.26,0,Business Administration,1122,,,
123,student,rizwan123,rizwan123@123,Rizwan Sheikh,House 821 - Rawalpindi,119.8,0,Software Engineering,1123,,,
124,student,bilal124,bilal124@123,Bilal Hussain,House 567 - Islamabad,51.47,0,Mechanical Engineering,1124,,,
125,student,hassan125,hassan125@123,Hassan Chaudhry,House 740 - Peshawar,188.27,0,Computer Science,1125,,,
126,student,hamza126,hamza126@123,Hamza Hussain,House 423 - Quetta,191.67,0,Physics,1126,,,
127,student,salman127,salman127@123,Salman Ansari,House 868 - Karachi,121.5,0,Electrical Engineering,1127,,,
128,student,tariq128,tariq128@123,Tariq Baig,House 246 - Karachi,186.97,0,Business Administration,1128,,,
129,student,bilal129,bilal129@123,Bilal Malik,House 598 - Sialkot,199.55,0,Mechanical Engineering,1129,,,
130,student,danish130,danish130@123,Danish Farooq,House 459 - Lahore,8.92,0,Computer Science,1130,,,
131,student,zain131,zain131@123,Zain Iqbal,House 63 - Quetta,122.71,0,Business Administration,1131,,,
132,student,hassan132,hassan132@123,Hassan Butt,House 222 - Islamabad,195.85,0,Software Engineering,1132,,,
133,student,noman133,noman133@123,Noman Khan,House 119 - Peshawar,34.42,0,Electrical Engineering,1133,,,
134,student,hamza134,hamza134@123,Hamza Farooq,House 163 - Karachi,87.96,0,Business Administration,1134,,,
135,student,salman135,salman135@123,Salman Butt,House 662 - Lahore,100.22,0,Business Administration,1135,,,
136,student,zain136,zain136@123,Zain Ahmed,House 904 - Hyderabad,143.04,0,Computer Science,1136,,,
137,student,kamran137,kamran137@123,Kamran Malik,House 526 - Karachi,98.68,0,Electrical Engineering,1137,,,
138,student,ahsan138,ahsan138@123,Ahsan Hussain,House 132 - Karachi,39.9,0,Mathematics,1138,,,
139,student,danish139,danish139@123,Danish Chaudhry,House 809 - Karachi,76.96,0,Physics,1139,,,
140,student,danish140,danish140@123,Danish Chaudhry,House 772 - Lahore,162.27,0,Mechanical Engineering,1140,,,
141,student,saad141,saad141@123,Saad Farooq,House 644 - Karachi,0.74,0,Computer Science,1141,,,
142,student,farhan142,farhan142@123,Farhan Farooq,House 89 - Quetta,86.51,0,Mechanical Engineering,1142,,,
143,student,shahzaib143,shahzaib143@123,Shahzaib Shah,House 232 - Rawalpindi,143.83,0,Business Administration,1143,,,
144,student,shahzaib144,shahzaib144@123,Shahzaib Siddiqui,House 892 - Peshawar,135.11,0,Mechanical Engineering,1144,,,
145,student,noman145,noman145@123,Noman Rehman,House 359 - Sialkot,103.04,0,Physics,1145,,,
146,student,hussain146,hussain146@123,Hussain Khan,House 454 - Islamabad,55.26,0,Business Administration,1146,,,
147,student,adnan147,adnan147@123,Adnan Khan,House 126 - Karachi,94.98,0,Physics,1147,,,
148,student,ahmed148,ahmed148@123,Ahmed Iqbal,House 312 - Multan,50.93,0,Mathematics,1148,,,
149,student,ahmed149,ahmed149@123,Ahmed Farooq,House 509 - Faisalabad,39.89,0,Business Administration,1149,,,
150,student,tariq150,tariq150@123,Tariq Hussain,House 204 - Islamabad,162.86,0,Physics,1150,,,
151,student,noman151,noman151@123,Noman Hussain,House 643 - Lahore,181.77,0,Mathematics,1151,,,
152,student,shahzaib152,shahzaib152@123,Shahzaib Shah,House 599 - Lahore,158.47,0,Electrical Engineering,1152,,,
153,student,hassan153,hassan153@123,Hassan Khan,House 90 - Faisalabad,105.36,0,Software Engineering,1153,,,
154,student,ali154,ali154@123,Ali Malik,House 869 - Lahore,22.53,0,Physics,1154,,,
155,student,noman155,noman155@123,Noman Ansari,House 949 - Peshawar,54.7,0,Mathematics,1155,,,
156,student,saad156,saad156@123,Saad Khan,House 822 - Lahore,126.01,0,Physics,1156,,,
157,student,ahsan157,ahsan157@123,Ahsan Farooq,House 837 - Sialkot,9.83,0,Mechanical Engineering,1157,,,
158,student,saad158,saad158@123,Saad Sheikh,House 270 - Peshawar,186.88,0,Software Engineering,1158,,,
159,student,shahzaib159,shahzaib159@123,Shahzaib Khan,House 55 - Faisalabad,167.6,0,Software Engineering,1159,,,
160,student,danish160,danish160@123,Danish Ahmed,House 48 - Peshawar,46.34,0,Computer Science,1160,,,
161,student,hussain161,hussain161@123,Hussain Ahmed,House 145 - Islamabad,167.81,0,Software Engineering,1161,,,
162,student,saad162,saad162@123,Saad Khan,House 743 - Quetta,49.24,0,Electrical Engineering,1162,,,
163,student,noman163,noman163@123,Noman Iqbal,House 852 - Lahore,34.26,0,Electrical Engineering,1163,,,
164,student,farhan164,farhan164@123,Farhan Rehman,House 675 - Quetta,107.26,0,Physics,1164,,,
165,student,danish165,danish165@123,Danish Ahmed,House 414 - Lahore,31.86,0,Mechanical Engineering,1165,,,
166,student,adnan166,adnan166@123,Adnan Malik,House 76 - Lahore,148.44,0,Mechanical Engineering,1166,,,
167,student,tariq167,tariq167@123,Tariq Hussain,House 983 - Islamabad,166.7,0,Mathematics,1167,,,
168,student,farhan168,farhan168@123,Farhan Siddiqui,House 458 - Rawalpindi,13.99,0,Physics,1168,,,
169,student,hassan169,hassan169@123,Hassan Malik,House 969 - Quetta,32.81,0,Computer Science,1169,,,
170,student,ahsan170,ahsan170@123,Ahsan Butt,House 564 - Quetta,125.17,0,Mathematics,1170,,,
171,student,farhan171,farhan171@123,Farhan Hussain,House 429 - Sialkot,133.54,0,Physics,1171,,,
172,student,adnan172,adnan172@123,Adnan Ahmed,House 806 - Quetta,98.31,0,Physics,1172,,,
173,student,danish173,danish173@123,Danish Iqbal,House 599 - Islamabad,124.47,0,Electrical Engineering,1173,,,
174,student,saad174,saad174@123,Saad Iqbal,House 862 - Hyderabad,89.76,0,Mathematics,1174,,,
175,student,hassan175,hassan175@123,Hassan Rehman,House 257 - Hyderabad,119.46,0,Software Engineering,1175,,,
176,student,tariq176,tariq176@123,Tariq Ansari,House 975 - Karachi,157.13,0,Software Engineering,1176,,,
177,student,noman177,noman177@123,Noman Iqbal,House 566 - Hyderabad,57.28,0,Business Administration,1177,,,
178,student,danish178,danish178@123,Danish Butt,House 216 - Quetta,147.12,0,Mechanical Engineering,1178,,,
179,student,zain179,zain179@123,Zain Butt,House 169 - Peshawar,41.64,0,Electrical Engineering,1179,,,
180,student,imran180,imran180@123,Imran Chaudhry,House 903 - Karachi,58.23,0,Software Engineering,1180,,,
181,student,rizwan181,rizwan181@123,Rizwan Hussain,House 867 - Hyderabad,86.15,0,Mathematics,1181,,,
182,student,hamza182,hamza182@123,Hamza Baig,House 688 - Rawalpindi,44.13,0,Software Engineering,1182,,,
183,student,hamza183,hamza183@123,Hamza Butt,House 397 - Karachi,109.63,0,Electrical Engineering,1183,,,
184,student,farhan184,farhan184@123,Farhan Sheikh,House 194 - Sialkot,83.8,0,Mathematics,1184,,,
185,student,hassan185,hassan185@123,Hassan Qureshi,House 670 - Islamabad,24.06,0,Electrical Engineering,1185,,,
186,student,rizwan186,rizwan186@123,Rizwan Hussain,House 568 - Islamabad,34.15,0,Electrical Engineering,1186,,,
187,student,danish187,danish187@123,Danish Iqbal,House 906 - Quetta,37.24,0,Business Administration,1187,,,
188,student,tariq188,tariq188@123,Tariq Iqbal,House 550 - Multan,154.22,0,Software Engineering,1188,,,
189,student,bilal189,bilal189@123,Bilal Chaudhry,House 217 - Faisalabad,118.43,0,Physics,1189,,,
190,student,danish190,danish190@123,Danish Butt,House 720 - Quetta,41.61,0,Electrical Engineering,1190,,,
191,student,kamran191,kamran191@123,Kamran Malik,House 263 - Hyderabad,93.33,0,Computer Science,1191,,,
192,student,imran192,imran192@123,Imran Iqbal,House 837 - Peshawar,124.74,0,Mechanical Engineering,1192,,,
193,student,noman193,noman193@123,Noman Qureshi,House 378 - Lahore,53.59,0,Business Administration,1193,,,
194,student,farhan194,farhan194@123,Farhan Hussain,House 639 - Rawalpindi,47.63,0,Electrical Engineering,1194,,,
195,student,farhan195,farhan195@123,Farhan Shah,House 70 - Islamabad,95.73,0,Computer Science,1195,,,
196,student,usman196,usman196@123,Usman Shah,House 330 - Multan,38.19,0,Software Engineering,1196,,,
197,student,kamran197,kamran197@123,Kamran Ahmed,House 586 - Multan,84.91,0,Software Engineering,1197,,,
198,student,imran198,imran198@123,Imran Ahmed,House 813 - Sialkot,155.84,0,Mechanical Engineering,1198,,,
199,student,ali199,ali199@123,Ali Shah,House 295 - Sialkot,168.5,0,Software Engineering,1199,,,
200,student,hussain200,hussain200@123,Hussain Khan,House 741 - Lahore,79.94,0,Computer Science,1200,,,
201,student,bilal201,bilal201@123,Bilal Iqbal,House 254 - Lahore,116.27,0,Business Administration,1201,,,
202,student,saad202,saad202@123,Saad Farooq,House 402 - Faisalabad,157.77,0,Mechanical Engineering,1202,,,
203,student,adnan203,adnan203@123,Adnan Farooq,House 351 - Karachi,97.23,0,Software Engineering,1203,,,
204,student,hamza204,hamza204@123,Hamza Butt,House 380 - Quetta,56.59,0,Physics,1204,,,
205,student,danish205,danish205@123,Danish Iqbal,House 938 - Peshawar,69.2,0,Electrical Engineering,1205,,,
206,student,usman206,usman206@123,Usman Qureshi,House 216 - Peshawar,170.67,0,Software Engineering,1206,,,
207,student,hussain207,hussain207@123,Hussain Qureshi,House 852 - Hyderabad,128.52,0,Physics,1207,,,
208,student,ali208,ali208@123,Ali Qureshi,House 561 - Hyderabad,115.59,0,Software Engineering,1208,,,
209,student,ahmed209,ahmed209@123,Ahmed Baig,House 919 - Islamabad,3.62,0,Business Administration,1209,,,
210,student,farhan210,farhan210@123,Farhan Butt,House 712 - Quetta,115.3,0,Physics,1210,,,
211,student,farhan211,farhan211@123,Farhan Chaudhry,House 993 - Sialkot,16.82,0,Mechanical Engineering,1211,,,
212,student,adnan212,adnan212@123,Adnan Qureshi,House 208 - Faisalabad,193.69,0,Electrical Engineering,1212,,,
213,student,usman213,usman213@123,Usman Ansari,House 632 - Sialkot,188.9,0,Mathematics,1213,,,
214,student,kamran214,kamran214@123,Kamran Butt,House 88 - Hyderabad,140.52,0,Computer Science,1214,,,
215,student,noman215,noman215@123,Noman Ansari,House 860 - Islamabad,87.22,0,Software Engineering,1215,,,
216,student,danish216,danish216@123,Danish Khan,House 331 - Faisalabad,130,0,Business Administration,1216,,,
217,student,zain217,zain217@123,Zain Iqbal,House 99 - Quetta,1.61,0,Mathematics,1217,,,
218,student,hamza218,hamza218@123,Hamza Iqbal,House 335 - Multan,198.58,0,Mechanical Engineering,1218,,,
219,student,tariq219,tariq219@123,Tariq Farooq,House 369 - Rawalpindi,39.8,0,Mechanical Engineering,1219,,,
220,student,tariq220,tariq220@123,Tariq Baig,House 567 - Hyderabad,31.7,0,Electrical Engineering,1220,,,
221,student,usman221,usman221@123,Usman Ansari,House 401 - Islamabad,122.72,0,Mechanical Engineering,1221,,,
222,student,hamza222,hamza222@123,Hamza Ansari,House 128 - Rawalpindi,45.14,0,Computer Science,1222,,,
223,student,ahmed223,ahmed223@123,Ahmed Siddiqui,House 168 - Lahore,41.1,0,Electrical Engineering,1223,,,
224,student,shahzaib224,shahzaib224@123,Shahzaib Ansari,House 588 - Quetta,16.36,0,Software Engineering,1224,,,
225,student,ahmed225,ahmed225@123,Ahmed Rehman,House 993 - Hyderabad,132.62,0,Electrical Engineering,1225,,,
226,student,zain226,zain226@123,Zain Hussain,House 569 - Islamabad,2.05,0,Mathematics,1226,,,
227,student,bilal227,bilal227@123,Bilal Siddiqui,House 928 - Rawalpindi,50.42,0,Computer Science,1227,,,
228,student,kamran228,kamran228@123,Kamran Ahmed,House 803 - Lahore,160.19,0,Mechanical Engineering,1228,,,
229,student,shahzaib229,shahzaib229@123,Shahzaib Chaudhry,House 164 - Lahore,157.42,0,Software Engineering,1229,,,
230,student,salman230,salman230@123,Salman Malik,House 966 - Lahore,156.17,0,Mathematics,1230,,,
231,student,ahmed231,ahmed231@123,Ahmed Ansari,House 309 - Quetta,49.35,0,Mechanical Engineering,1231,,,
232,student,hussain232,hussain232@123,Hussain Baig,House 181 - Peshawar,168.16,0,Computer Science,1232,,,
233,student,hussain233,hussain233@123,Hussain Ansari,House 264 - Islamabad,125.6,0,Physics,1233,,,
234,student,hussain234,hussain234@123,Hussain Shah,House 344 - Islamabad,73.32,0,Computer Science,1234,,,
235,student,salman235,salman235@123,Salman Qureshi,House 550 - Hyderabad,114.51,0,Physics,1235,,,
236,student,noman236,noman236@123,Noman Rehman,House 968 - Sialkot,106.96,0,Mathematics,1236,,,
237,student,rizwan237,rizwan237@123,Rizwan Iqbal,House 902 - Hyderabad,37.99,0,Mathematics,1237,,,
238,student,noman238,noman238@123,Noman Sheikh,House 64 - Hyderabad,117.87,0,Physics,1238,,,
239,student,imran239,imran239@123,Imran Baig,House 711 - Islamabad,37.56,0,Computer Science,1239,,,
240,student,adnan240,adnan240@123,Adnan Farooq,House 111 - Peshawar,193.96,0,Electrical Engineering,1240,,,
241,student,hussain241,hussain241@123,Hussain Shah,House 70 - Rawalpindi,87.77,0,Business Administration,1241,,,
242,student,farhan242,farhan242@123,Farhan Ansari,House 732 - Sialkot,185.72,0,Physics,1242,,,
243,student,hussain243,hussain243@123,Hussain Iqbal,House 20 - Faisalabad,109.63,0,Mathematics,1243,,,
244,student,hamza244,hamza244@123,Hamza Butt,House 376 - Hyderabad,163.62,0,Mathematics,1244,,,
245,student,hassan245,hassan245@123,Hassan Qureshi,House 264 - Sialkot,60.06,0,Business Administration,1245,,,
246,student,imran246,imran246@123,Imran Qureshi,House 612 - Quetta,16.05,0,Electrical Engineering,1246,,,
247,student,shahzaib247,shahzaib247@123,Shahzaib Hussain,House 125 - Peshawar,68.98,0,Software Engineering,1247,,,
248,student,hamza248,hamza248@123,Hamza Khan,House 31 - Peshawar,84.22,0,Computer Science,1248,,,
249,student,farhan249,farhan249@123,Farhan Iqbal,House 772 - Peshawar,107.21,0,Electrical Engineering,1249,,,
250,student,bilal250,bilal250@123,Bilal Farooq,House 451 - Karachi,128.08,0,Mechanical Engineering,1250,,,
251,student,salman251,salman251@123,Salman Baig,House 765 - Peshawar,6.99,0,Computer Science,1251,,,
252,student,ahsan252,ahsan252@123,Ahsan Khan,House 632 - Rawalpindi,49.45,0,Computer Science,1252,,,
253,student,shahzaib253,shahzaib253@123,Shahzaib Sheikh,House 999 - Rawalpindi,104.03,0,Physics,1253,,,
254,student,hamza254,hamza254@123,Hamza Sheikh,House 504 - Hyderabad,177.6,0,Mechanical Engineering,1254,,,
255,student,rizwan255,rizwan255@123,Rizwan Siddiqui,House 817 - Peshawar,11.3,0,Mathematics,1255,,,
256,student,tariq256,tariq256@123,Tariq Sheikh,House 979 - Rawalpindi,85.13,0,Business Administration,1256,,,
257,student,zain257,zain257@123,Zain Baig,House 531 - Peshawar,7.29,0,Software Engineering,1257,,,
258,student,ali258,ali258@123,Ali Chaudhry,House 824 - Lahore,95.29,0,Physics,1258,,,
259,student,salman259,salman259@123,Salman Ahmed,House 460 - Rawalpindi,86.63,0,Mechanical Engineering,1259,,,
260,student,ahmed260,ahmed260@123,Ahmed Ansari,House 594 - Sialkot,68.61,0,Physics,1260,,,
261,student,ahsan261,ahsan261@123,Ahsan Butt,House 681 - Multan,73.45,0,Computer Science,1261,,,
262,student,noman262,noman262@123,Noman Khan,House 167 - Quetta,130.82,0,Software Engineering,1262,,,
263,student,usman263,usman263@123,Usman Farooq,House 101 - Rawalpindi,171.18,0,Mechanical Engineering,1263,,,
264,student,hamza264,hamza264@123,Hamza Shah,House 118 - Faisalabad,26.5,0,Business Administration,1264,,,
265,student,ahsan265,ahsan265@123,Ahsan Khan,House 416 - Karachi,104.28,0,Mathematics,1265,,,
266,student,saad266,saad266@123,Saad Baig,House 36 - Karachi,55.93,0,Mathematics,1266,,,
267,student,usman267,usman267@123,Usman Iqbal,House 938 - Lahore,69.58,0,Mathematics,1267,,,
268,student,shahzaib268,shahzaib268@123,Shahzaib Sheikh,House 491 - Islamabad,114.34,0,Electrical Engineering,1268,,,
269,student,hussain269,hussain269@123,Hussain Hussain,House 446 - Lahore,128.19,0,Physics,1269,,,
270,student,usman270,usman270@123,Usman Baig,House 189 - Sialkot,152.07,0,Computer Science,1270,,,
271,student,rizwan271,rizwan271@123,Rizwan Farooq,House 535 - Karachi,46.68,0,Mechanical Engineering,1271,,,
272,student,imran272,imran272@123,Imran Butt,House 763 - Peshawar,12.73,0,Business Administration,1272,,,
273,student,kamran273,kamran273@123,Kamran Malik,House 833 - Rawalpindi,8.4,0,Mathematics,1273,,,
274,student,bilal274,bilal274@123,Bilal Sheikh,House 462 - Quetta,157.87,0,Mechanical Engineering,1274,,,
275,student,usman275,usman275@123,Usman Malik,House 20 - Lahore,134.13,0,Physics,1275,,,
276,student,rizwan276,rizwan276@123,Rizwan Ansari,House 518 - Lahore,172.22,0,Business Administration,1276,,,
277,student,hamza277,hamza277@123,Hamza Rehman,House 104 - Hyderabad,88.51,0,Mathematics,1277,,,
278,student,farhan278,farhan278@123,Farhan Sheikh,House 890 - Multan,9.47,0,Mechanical Engineering,1278,,,
279,student,rizwan279,rizwan279@123,Rizwan Khan,House 124 - Sialkot,81.6,0,Software Engineering,1279,,,
280,student,kamran280,kamran280@123,Kamran Chaudhry,House 820 - Lahore,89.33,0,Mechanical Engineering,1280,,,
281,student,ahmed281,ahmed281@123,Ahmed Farooq,House 818 - Multan,123.29,0,Physics,1281,,,
282,student,imran282,imran282@123,Imran Khan,House 764 - Rawalpindi,133.03,0,Computer Science,1282,,,
283,student,kamran283,kamran283@123,Kamran Shah,House 602 - Peshawar,32.97,0,Computer Science,1283,,,
284,student,usman284,usman284@123,Usman Ahmed,House 828 - Karachi,25.19,0,Mechanical Engineering,1284,,,
285,student,farhan285,farhan285@123,Farhan Chaudhry,House 579 - Multan,140.65,0,Mathematics,1285,,,
286,student,hamza286,hamza286@123,Hamza Chaudhry,House 453 - Quetta,25.52,0,Software Engineering,1286,,,
287,student,shahzaib287,shahzaib287@123,Shahzaib Malik,House 82 - Quetta,190.4,0,Mathematics,1287,,,
288,student,tariq288,tariq288@123,Tariq Qureshi,House 871 - Rawalpindi,36.92,0,Electrical Engineering,1288,,,
289,student,ali289,ali289@123,Ali Farooq,House 296 - Sialkot,178.63,0,Mathematics,1289,,,
290,student,bilal290,bilal290@123,Bilal Malik,House 243 - Karachi,81.93,0,Business Administration,1290,,,
291,student,ahsan291,ahsan291@123,Ahsan Iqbal,House 975 - Sialkot,72.42,0,Computer Science,1291,,,
292,student,tariq292,tariq292@123,Tariq Ahmed,House 411 - Hyderabad,121.88,0,Mathematics,1292,,,
293,student,saad293,saad293@123,Saad Hussain,House 14 - Rawalpindi,135.47,0,Mathematics,1293,,,
294,student,bilal294,bilal294@123,Bilal Iqbal,House 358 - Multan,48.34,0,Computer Science,1294,,,
295,student,salman295,salman295@123,Salman Chaudhry,House 410 - Hyderabad,57.43,0,Business Administration,1295,,,
296,student,hassan296,hassan296@123,Hassan Butt,House 144 - Sialkot,190.75,0,Electrical Engineering,1296,,,
297,student,noman297,noman297@123,Noman Ansari,House 255 - Sialkot,25.97,0,Software Engineering,1297,,,
298,student,shahzaib298,shahzaib298@123,Shahzaib Malik,House 20 - Multan,88.11,0,Mechanical Engineering,1298,,,
299,student,salman299,salman299@123,Salman Rehman,House 991 - Faisalabad,12.2,0,Business Administration,1299,,,
300,student,ali300,ali300@123,Ali Khan,House 710 - Peshawar,45.93,0,Electrical Engineering,1300,,,
301,student,hamza301,hamza301@123,Hamza Qureshi,House 105 - Islamabad,171.05,0,Software Engineering,1301,,,
302,student,ali302,ali302@123,Ali Hussain,House 384 - Karachi,177.01,0,Business Administration,1302,,,
303,student,rizwan303,rizwan303@123,Rizwan Khan,House 875 - Rawalpindi,102.94,0,Electrical Engineering,1303,,,
304,student,hassan304,hassan304@123,Hassan Malik,House 662 - Multan,159.37,0,Physics,1304,,,
305,student,ali305,ali305@123,Ali Sheikh,House 995 - Quetta,61.96,0,Mechanical Engineering,1305,,,
306,student,farhan306,farhan306@123,Farhan Shah,House 803 - Sialkot,172.67,0,Mechanical Engineering,1306,,,
307,student,kamran307,kamran307@123,Kamran Baig,House 364 - Lahore,69.4,0,Software Engineering,1307,,,
308,student,ali308,ali308@123,Ali Siddiqui,House 310 - Rawalpindi,102.74,0,Mathematics,1308,,,
309,student,tariq309,tariq309@123,Tariq Butt,House 848 - Rawalpindi,159.41,0,Mathematics,1309,,,
310,student,hussain310,hussain310@123,Hussain Ahmed,House 87 - Hyderabad,130.62,0,Physics,1310,,,
311,student,shahzaib311,shahzaib311@123,Shahzaib Rehman,House 653 - Sialkot,198.74,0,Physics,1311,,,
312,student,imran312,imran312@123,Imran Ahmed,House 246 - Rawalpindi,20.92,0,Software Engineering,1312,,,
313,student,noman313,noman313@123,Noman Farooq,House 776 - Quetta,124.35,0,Mechanical Engineering,1313,,,
314,student,noman314,noman314@123,Noman Iqbal,House 455 - Multan,58.02,0,Mechanical Engineering,1314,,,
315,student,salman315,salman315@123,Salman Khan,House 221 - Peshawar,151.13,0,Mechanical Engineering,1315,,,
316,student,adnan316,adnan316@123,Adnan Shah,House 746 - Faisalabad,62.68,0,Computer Science,1316,,,
317,student,hussain317,hussain317@123,Hussain Ansari,House 668 - Quetta,182.1,0,Mathematics,1317,,,
318,student,salman318,salman318@123,Salman Khan,House 271 - Sialkot,179.5,0,Mechanical Engineering,1318,,,
319,student,ahmed319,ahmed319@123,Ahmed Baig,House 775 - Multan,40.76,0,Electrical Engineering,1319,,,
320,student,shahzaib320,shahzaib320@123,Shahzaib Ansari,House 23 - Peshawar,105.73,0,Electrical Engineering,1320,,,
321,student,usman321,usman321@123,Usman Hussain,House 847 - Rawalpindi,4.37,0,Mechanical Engineering,1321,,,
322,student,rizwan322,rizwan322@123,Rizwan Butt,House 983 - Islamabad,175.42,0,Mechanical Engineering,1322,,,
323,student,zain323,zain323@123,Zain Farooq,House 760 - Faisalabad,28.62,0,Mathematics,1323,,,
324,student,imran324,imran324@123,Imran Siddiqui,House 289 - Karachi,42.22,0,Mathematics,1324,,,
325,student,hussain325,hussain325@123,Hussain Ahmed,House 130 - Sialkot,4.51,0,Physics,1325,,,
326,student,saad326,saad326@123,Saad Malik,House 922 - Multan,65.36,0,Software Engineering,1326,,,
327,student,ahsan327,ahsan327@123,Ahsan Ansari,House 34 - Multan,114.48,0,Mechanical Engineering,1327,,,
328,student,shahzaib328,shahzaib328@123,Shahzaib Siddiqui,House 426 - Multan,103.88,0,Software Engineering,1328,,,
329,student,danish329,danish329@123,Danish Siddiqui,House 246 - Islamabad,82.47,0,Physics,1329,,,
330,student,ahmed330,ahmed330@123,Ahmed Qureshi,House 984 - Hyderabad,140.31,0,Physics,1330,,,
331,student,noman331,noman331@123,Noman Iqbal,House 305 - Rawalpindi,20.75,0,Electrical Engineering,1331,,,
332,student,ahsan332,ahsan332@123,Ahsan Baig,House 194 - Quetta,128.68,0,Mechanical Engineering,1332,,,
333,student,tariq333,tariq333@123,Tariq Hussain,House 144 - Rawalpindi,129.48,0,Mathematics,1333,,,
334,student,saad334,saad334@123,Saad Hussain,House 851 - Peshawar,97.56,0,Electrical Engineering,1334,,,
335,student,saad335,saad335@123,Saad Qureshi,House 99 - Quetta,115.62,0,Physics,1335,,,
336,student,hussain336,hussain336@123,Hussain Siddiqui,House 83 - Peshawar,156.29,0,Mechanical Engineering,1336,,,
337,student,hamza337,hamza337@123,Hamza Rehman,House 410 - Karachi,0.66,0,Electrical Engineering,1337,,,
338,student,ali338,ali338@123,Ali Sheikh,House 314 - Rawalpindi,118.58,0,Mechanical Engineering,1338,,,
339,student,ali339,ali339@123,Ali Sheikh,House 190 - Sialkot,166.3,0,Business Administration,1339,,,
340,student,usman340,usman340@123,Usman Shah,House 634 - Hyderabad,175.42,0,Mechanical Engineering,1340,,,
341,student,hassan341,hassan341@123,Hassan Butt,House 583 - Sialkot,115.35,0,Business Administration,1341,,,
342,student,noman342,noman342@123,Noman Qureshi,House 608 - Sialkot,192.48,0,Mechanical Engineering,1342,,,
343,student,farhan343,farhan343@123,Farhan Qureshi,House 394 - Faisalabad,171.11,0,Software Engineering,1343,,,
344,student,ahmed344,ahmed344@123,Ahmed Baig,House 340 - Hyderabad,159.96,0,Computer Science,1344,,,
345,student,hamza345,hamza345@123,Hamza Ansari,House 633 - Sialkot,21.15,0,Mathematics,1345,,,
346,student,noman346,noman346@123,Noman Farooq,House 602 - Faisalabad,128.65,0,Computer Science,1346,,,
347,student,saad347,saad347@123,Saad Sheikh,House 463 - Faisalabad,108.96,0,Electrical Engineering,1347,,,
348,student,zain348,zain348@123,Zain Ansari,House 185 - Rawalpindi,42,0,Software Engineering,1348,,,
349,student,rizwan349,rizwan349@123,Rizwan Hussain,House 707 - Rawalpindi,99.23,0,Mathematics,1349,,,
350,student,hussain350,hussain350@123,Hussain Shah,House 430 - Faisalabad,160.76,0,Electrical Engineering,1350,,,
351,student,hussain351,hussain351@123,Hussain Iqbal,House 839 - Sialkot,57.48,0,Software Engineering,1351,,,
352,student,imran352,imran352@123,Imran Qureshi,House 144 - Rawalpindi,13.3,0,Physics,1352,,,
353,student,salman353,salman353@123,Salman Farooq,House 110 - Hyderabad,189.55,0,Business Administration,1353,,,
354,student,tariq354,tariq354@123,Tariq Khan,House 707 - Hyderabad,48.84,0,Electrical Engineering,1354,,,
355,student,bilal355,bilal355@123,Bilal Butt,House 745 - Islamabad,111.04,0,Electrical Engineering,1355,,,
356,student,zain356,zain356@123,Zain Rehman,House 796 - Multan,23.46,0,Mathematics,1356,,,
357,student,hamza357,hamza357@123,Hamza Sheikh,House 194 - Rawalpindi,46.2,0,Mechanical Engineering,1357,,,
358,student,shahzaib358,shahzaib358@123,Shahzaib Baig,House 299 - Faisalabad,18.85,0,Electrical Engineering,1358,,,
359,student,ahmed359,ahmed359@123,Ahmed Butt,House 226 - Multan,124.12,0,Software Engineering,1359,,,
360,student,danish360,danish360@123,Danish Chaudhry,House 162 - Karachi,42.89,0,Computer Science,1360,,,
361,student,kamran361,kamran361@123,Kamran Ansari,House 118 - Multan,152.75,0,Computer Science,1361,,,
362,student,imran362,imran362@123,Imran Siddiqui,House 788 - Rawalpindi,90.63,0,Computer Science,1362,,,
363,student,hussain363,hussain363@123,Hussain Iqbal,House 232 - Lahore,153.95,0,Physics,1363,,,
364,student,zain364,zain364@123,Zain Shah,House 44 - Multan,10.6,0,Business Administration,1364,,,
365,student,farhan365,farhan365@123,Farhan Farooq,House 429 - Faisalabad,55.07,0,Physics,1365,,,
366,student,shahzaib366,shahzaib366@123,Shahzaib Butt,House 469 - Faisalabad,132,0,Business Administration,1366,,,
367,student,rizwan367,rizwan367@123,Rizwan Hussain,House 246 - Faisalabad,188.5,0,Mechanical Engineering,1367,,,
368,student,bilal368,bilal368@123,Bilal Hussain,House 151 - Sialkot,4.52,0,Software Engineering,1368,,,
369,student,hassan369,hassan369@123,Hassan Hussain,House 228 - Sialkot,48.76,0,Electrical Engineering,1369,,,
370,student,danish370,danish370@123,Danish Butt,House 37 - Quetta,195.57,0,Physics,1370,,,
371,student,farhan371,farhan371@123,Farhan Hussain,House 951 - Rawalpindi,184.26,0,Software Engineering,1371,,,
372,student,ahsan372,ahsan372@123,Ahsan Farooq,House 475 - Rawalpindi,147.38,0,Software Engineering,1372,,,
373,student,shahzaib373,shahzaib373@123,Shahzaib Rehman,House 779 - Multan,188.6,0,Electrical Engineering,1373,,,
374,student,hamza374,hamza374@123,Hamza Siddiqui,House 587 - Lahore,172.73,0,Business Administration,1374,,,
375,student,hassan375,hassan375@123,Hassan Chaudhry,House 512 - Quetta,127.2,0,Software Engineering,1375,,,
376,student,salman376,salman376@123,Salman Iqbal,House 697 - Lahore,179.51,0,Physics,1376,,,
377,student,danish377,danish377@123,Danish Farooq,House 160 - Quetta,179.35,0,Software Engineering,1377,,,
378,student,zain378,zain378@123,Zain Farooq,House 77 - Multan,46.15,0,Mechanical Engineering,1378,,,
379,student,adnan379,adnan379@123,Adnan Rehman,House 427 - Peshawar,14.22,0,Physics,1379,,,
380,student,salman380,salman380@123,Salman Malik,House 403 - Sialkot,129.25,0,Electrical Engineering,1380,,,
381,student,adnan381,adnan381@123,Adnan Khan,House 221 - Hyderabad,167.06,0,Physics,1381,,,
382,student,adnan382,adnan382@123,Adnan Siddiqui,House 396 - Hyderabad,140.98,0,Electrical Engineering,1382,,,
383,student,ahsan383,ahsan383@123,Ahsan Rehman,House 286 - Peshawar,30.52,0,Mechanical Engineering,1383,,,
384,student,saad384,saad384@123,Saad Rehman,House 303 - Peshawar,123.07,0,Electrical Engineering,1384,,,
385,student,kamran385,kamran385@123,Kamran Ahmed,House 851 - Peshawar,0.38,0,Electrical Engineering,1385,,,
386,student,danish386,danish386@123,Danish Hussain,House 899 - Rawalpindi,120.45,0,Electrical Engineering,1386,,,
387,student,saad387,saad387@123,Saad Iqbal,House 442 - Multan,115.32,0,Mechanical Engineering,1387,,,
388,student,saad388,saad388@123,Saad Chaudhry,House 268 - Sialkot,71.97,0,Mechanical Engineering,1388,,,
389,student,ahmed389,ahmed389@123,Ahmed Chaudhry,House 621 - Sialkot,114.89,0,Computer Science,1389,,,
390,student,ahsan390,ahsan390@123,Ahsan Hussain,House 570 - Sialkot,175.51,0,Mathematics,1390,,,
391,student,hamza391,hamza391@123,Hamza Butt,House 180 - Karachi,154.66,0,Business Administration,1391,,,
392,student,saad392,saad392@123,Saad Ansari,House 750 - Faisalabad,109.43,0,Physics,1392,,,
393,student,salman393,salman393@123,Salman Chaudhry,House 749 - Sialkot,186.1,0,Mathematics,1393,,,
394,student,hussain394,hussain394@123,Hussain Hussain,House 57 - Lahore,156.92,0,Physics,1394,,,
395,student,ahmed395,ahmed395@123,Ahmed Sheikh,House 81 - Quetta,124.02,0,Mechanical Engineering,1395,,,
396,student,kamran396,kamran396@123,Kamran Malik,House 719 - Sialkot,142.86,0,Mechanical Engineering,1396,,,
397,student,noman397,noman397@123,Noman Ansari,House 233 - Islamabad,62.12,0,Mathematics,1397,,,
398,student,imran398,imran398@123,Imran Farooq,House 695 - Sialkot,186.64,0,Software Engineering,1398,,,
399,student,ahmed399,ahmed399@123,Ahmed Ansari,House 120 - Rawalpindi,104.9,0,Software Engineering,1399,,,
400,student,kamran400,kamran400@123,Kamran Malik,House 122 - Faisalabad,74.71,0,Software Engineering,1400,,,
401,student,ahmed401,ahmed401@123,Ahmed Hussain,House 841 - Quetta,79.91,0,Electrical Engineering,1401,,,
402,student,rizwan402,rizwan402@123,Rizwan Chaudhry,House 277 - Karachi,37.29,0,Mathematics,1402,,,
403,student,imran403,imran403@123,Imran Khan,House 372 - Karachi,77.14,0,Software Engineering,1403,,,
404,student,adnan404,adnan404@123,Adnan Chaudhry,House 852 - Lahore,95.25,0,Mechanical Engineering,1404,,,
405,student,kamran405,kamran405@123,Kamran Sheikh,House 581 - Rawalpindi,113.37,0,Mathematics,1405,,,
406,student,tariq406,tariq406@123,Tariq Ansari,House 205 - Quetta,162.36,0,Electrical Engineering,1406,,,
407,student,rizwan407,rizwan407@123,Rizwan Baig,House 847 - Rawalpindi,90.72,0,Business Administration,1407,,,
408,student,salman408,salman408@123,Salman Qureshi,House 173 - Multan,8.04,0,Business Administration,1408,,,
409,student,danish409,danish409@123,Danish Baig,House 612 - Faisalabad,191.38,0,Mathematics,1409,,,
410,student,bilal410,bilal410@123,Bilal Baig,House 317 - Karachi,12.37,0,Software Engineering,1410,,,
411,student,rizwan411,rizwan411@123,Rizwan Khan,House 959 - Faisalabad,37.04,0,Mathematics,1411,,,
412,student,hassan412,hassan412@123,Hassan Hussain,House 182 - Lahore,55.08,0,Software Engineering,1412,,,
413,student,bilal413,bilal413@123,Bilal Qureshi,House 911 - Rawalpindi,75.87,0,Mechanical Engineering,1413,,,
414,student,ali414,ali414@123,Ali Shah,House 91 - Lahore,181.48,0,Business Administration,1414,,,
415,student,imran415,imran415@123,Imran Baig,House 778 - Quetta,18.12,0,Mechanical Engineering,1415,,,
416,student,hussain416,hussain416@123,Hussain Siddiqui,House 35 - Lahore,72.38,0,Software Engineering,1416,,,
417,student,farhan417,farhan417@123,Farhan Khan,House 776 - Peshawar,140.37,0,Physics,1417,,,
418,student,zain418,zain418@123,Zain Sheikh,House 720 - Quetta,185.82,0,Mathematics,1418,,,
419,student,tariq419,tariq419@123,Tariq Khan,House 604 - Multan,43.29,0,Physics,1419,,,
420,student,hussain420,hussain420@123,Hussain Chaudhry,House 785 - Karachi,9.07,0,Physics,1420,,,
421,student,bilal421,bilal421@123,Bilal Chaudhry,House 318 - Sialkot,51.91,0,Business Administration,1421,,,
422,student,ahsan422,ahsan422@123,Ahsan Chaudhry,House 269 - Multan,83.26,0,Software Engineering,1422,,,
423,student,rizwan423,rizwan423@123,Rizwan Ahmed,House 430 - Quetta,5.25,0,Mechanical Engineering,1423,,,
424,student,zain424,zain424@123,Zain Chaudhry,House 267 - Multan,123.05,0,Mathematics,1424,,,
425,student,ahmed425,ahmed425@123,Ahmed Farooq,House 321 - Sialkot,102.18,0,Physics,1425,,,
426,student,adnan426,adnan426@123,Adnan Rehman,House 96 - Lahore,52.22,0,Electrical Engineering,1426,,,
427,student,ali427,ali427@123,Ali Sheikh,House 996 - Faisalabad,168.15,0,Business Administration,1427,,,
428,student,shahzaib428,shahzaib428@123,Shahzaib Chaudhry,House 923 - Lahore,132.55,0,Software Engineering,1428,,,
429,student,ahmed429,ahmed429@123,Ahmed Ansari,House 116 - Multan,197.74,0,Mathematics,1429,,,
430,student,ahsan430,ahsan430@123,Ahsan Malik,House 416 - Multan,18.96,0,Business Administration,1430,,,
431,student,kamran431,kamran431@123,Kamran Siddiqui,House 10 - Islamabad,34.33,0,Software Engineering,1431,,,
432,student,rizwan432,rizwan432@123,Rizwan Butt,House 274 - Faisalabad,51.12,0,Mechanical Engineering,1432,,,
433,student,danish433,danish433@123,Danish Siddiqui,House 522 - Faisalabad,152.08,0,Software Engineering,1433,,,
434,student,ahmed434,ahmed434@123,Ahmed Rehman,House 530 - Karachi,113.03,0,Mechanical Engineering,1434,,,
435,student,hamza435,hamza435@123,Hamza Hussain,House 689 - Lahore,173.02,0,Mathematics,1435,,,
436,student,tariq436,tariq436@123,Tariq Ahmed,House 708 - Hyderabad,163.35,0,Business Administration,1436,,,
437,student,usman437,usman437@123,Usman Ahmed,House 939 - Faisalabad,122.44,0,Physics,1437,,,
438,student,hussain438,hussain438@123,Hussain Hussain,House 4 - Lahore,182.36,0,Mathematics,1438,,,
439,student,farhan439,farhan439@123,Farhan Qureshi,House 400 - Peshawar,144.8,0,Electrical Engineering,1439,,,
440,student,bilal440,bilal440@123,Bilal Farooq,House 15 - Faisalabad,124.12,0,Computer Science,1440,,,
441,student,farhan441,farhan441@123,Farhan Hussain,House 539 - Peshawar,99.57,0,Software Engineering,1441,,,
442,student,ahmed442,ahmed442@123,Ahmed Ansari,House 544 - Peshawar,123.26,0,Software Engineering,1442,,,
443,student,ahmed443,ahmed443@123,Ahmed Iqbal,House 740 - Sialkot,25.77,0,Business Administration,1443,,,
444,student,danish444,danish444@123,Danish Farooq,House 108 - Karachi,11.74,0,Mechanical Engineering,1444,,,
445,student,zain445,zain445@123,Zain Chaudhry,House 128 - Quetta,50.81,0,Electrical Engineering,1445,,,
446,student,farhan446,farhan446@123,Farhan Qureshi,House 541 - Faisalabad,16.81,0,Mathematics,1446,,,
447,student,ahmed447,ahmed447@123,Ahmed Sheikh,House 829 - Multan,101.07,0,Mathematics,1447,,,
448,student,shahzaib448,shahzaib448@123,Shahzaib Siddiqui,House 789 - Rawalpindi,187.47,0,Business Administration,1448,,,
449,student,shahzaib449,shahzaib449@123,Shahzaib Rehman,House 229 - Lahore,137.09,0,Physics,1449,,,
450,student,kamran450,kamran450@123,Kamran Sheikh,House 526 - Multan,53.14,0,Mechanical Engineering,1450,,,
451,student,rizwan451,rizwan451@123,Rizwan Malik,House 618 - Quetta,33.78,0,Computer Science,1451,,,
452,student,danish452,danish452@123,Danish Iqbal,House 389 - Rawalpindi,178.36,0,Mechanical Engineering,1452,,,
453,student,ahmed453,ahmed453@123,Ahmed Shah,House 568 - Islamabad,40,0,Mechanical Engineering,1453,,,
454,student,shahzaib454,shahzaib454@123,Shahzaib Baig,House 288 - Sialkot,5.49,0,Software Engineering,1454,,,
455,student,hassan455,hassan455@123,Hassan Malik,House 2 - Multan,82.81,0,Electrical Engineering,1455,,,
456,student,kamran456,kamran456@123,Kamran Iqbal,House 233 - Quetta,72.99,0,Software Engineering,1456,,,
457,student,ali457,ali457@123,Ali Qureshi,House 530 - Hyderabad,92.13,0,Physics,1457,,,
458,student,hamza458,hamza458@123,Hamza Iqbal,House 967 - Rawalpindi,18.09,0,Mathematics,1458,,,
459,student,farhan459,farhan459@123,Farhan Butt,House 873 - Karachi,195.24,0,Software Engineering,1459,,,
460,student,shahzaib460,shahzaib460@123,Shahzaib Sheikh,House 461 - Rawalpindi,40.46,0,Mechanical Engineering,1460,,,
461,student,danish461,danish461@123,Danish Iqbal,House 249 - Faisalabad,2.34,0,Computer Science,1461,,,
462,student,ahmed462,ahmed462@123,Ahmed Ahmed,House 494 - Lahore,65.63,0,Mathematics,1462,,,
463,student,farhan463,farhan463@123,Farhan Rehman,House 891 - Sialkot,66.57,0,Physics,1463,,,
464,student,zain464,zain464@123,Zain Khan,House 726 - Faisalabad,138.47,0,Mathematics,1464,,,
465,student,rizwan465,rizwan465@123,Rizwan Shah,House 409 - Islamabad,99.98,0,Business Administration,1465,,,
466,student,kamran466,kamran466@123,Kamran Sheikh,House 811 - Peshawar,122.89,0,Mathematics,1466,,,
467,student,ahmed467,ahmed467@123,Ahmed Khan,House 2 - Islamabad,138.47,0,Electrical Engineering,1467,,,
468,student,hassan468,hassan468@123,Hassan Rehman,House 136 - Hyderabad,53.29,0,Mathematics,1468,,,
469,student,imran469,imran469@123,Imran Sheikh,House 867 - Quetta,96.91,0,Physics,1469,,,
470,student,farhan470,farhan470@123,Farhan Ansari,House 414 - Karachi,78.68,0,Electrical Engineering,1470,,,
471,student,ahmed471,ahmed471@123,Ahmed Siddiqui,House 836 - Rawalpindi,123.52,0,Software Engineering,1471,,,
472,student,imran472,imran472@123,Imran Ansari,House 578 - Lahore,29.94,0,Electrical Engineering,1472,,,
473,student,zain473,zain473@123,Zain Siddiqui,House 256 - Rawalpindi,92.18,0,Mathematics,1473,,,
474,student,kamran474,kamran474@123,Kamran Ahmed,House 220 - Faisalabad,88.99,0,Business Administration,1474,,,
475,student,hassan475,hassan475@123,Hassan Iqbal,House 652 - Hyderabad,192.99,0,Physics,1475,,,
476,student,saad476,saad476@123,Saad Rehman,House 69 - Peshawar,1.17,0,Electrical Engineering,1476,,,
477,student,saad477,saad477@123,Saad Ahmed,House 58 - Hyderabad,180.7,0,Business Administration,1477,,,
478,student,hassan478,hassan478@123,Hassan Rehman,House 638 - Faisalabad,102.08,0,Business Administration,1478,,,
479,student,hamza479,hamza479@123,Hamza Baig,House 716 - Peshawar,191.41,0,Electrical Engineering,1479,,,
480,student,hassan480,hassan480@123,Hassan Khan,House 113 - Quetta,130.81,0,Electrical Engineering,1480,,,
481,student,bilal481,bilal481@123,Bilal Sheikh,House 39 - Rawalpindi,35.72,0,Business Administration,1481,,,
482,student,saad482,saad482@123,Saad Khan,House 586 - Quetta,4.97,0,Business Administration,1482,,,
483,student,bilal483,bilal483@123,Bilal Farooq,House 952 - Karachi,86.7,0,Physics,1483,,,
484,student,hussain484,hussain484@123,Hussain Qureshi,House 142 - Islamabad,110.7,0,Business Administration,1484,,,
485,student,shahzaib485,shahzaib485@123,Shahzaib Siddiqui,House 772 - Lahore,36.24,0,Business Administration,1485,,,
486,student,noman486,noman486@123,Noman Siddiqui,House 647 - Rawalpindi,52.63,0,Software Engineering,1486,,,
487,student,zain487,zain487@123,Zain Rehman,House 820 - Rawalpindi,90.93,0,Software Engineering,1487,,,
488,student,ahmed488,ahmed488@123,Ahmed Qureshi,House 835 - Faisalabad,1.87,0,Business Administration,1488,,,
489,student,hussain489,hussain489@123,Hussain Butt,House 487 - Rawalpindi,7.86,0,Mechanical Engineering,1489,,,
490,student,noman490,noman490@123,Noman Sheikh,House 980 - Rawalpindi,143.2,0,Physics,1490,,,
491,student,farhan491,farhan491@123,Farhan Siddiqui,House 59 - Rawalpindi,136.81,0,Mechanical Engineering,1491,,,
492,student,rizwan492,rizwan492@123,Rizwan Farooq,House 167 - Multan,12.98,0,Computer Science,1492,,,
493,student,farhan493,farhan493@123,Farhan Malik,House 299 - Multan,54.42,0,Mechanical Engineering,1493,,,
494,student,kamran494,kamran494@123,Kamran Ahmed,House 42 - Sialkot,174.38,0,Computer Science,1494,,,
495,student,salman495,salman495@123,Salman Khan,House 204 - Islamabad,4.87,0,Software Engineering,1495,,,
496,student,tariq496,tariq496@123,Tariq Iqbal,House 828 - Multan,167.2,0,Electrical Engineering,1496,,,
497,student,farhan497,farhan497@123,Farhan Chaudhry,House 63 - Multan,4.82,0,Software Engineering,1497,,,
498,student,rizwan498,rizwan498@123,Rizwan Farooq,House 353 - Hyderabad,182.19,0,Mechanical Engineering,1498,,,
499,student,danish499,danish499@123,Danish Hussain,House 422 - Peshawar,114.29,0,Business Administration,1499,,,
500,student,kamran500,kamran500@123,Kamran Khan,House 811 - Quetta,35.02,0,Electrical Engineering,1500,,,
501,teacher,imran501,imran501@123,Imran Ahmed,House 353 - Multan,279.32,0,Physics,,Associate Professor,,
502,teacher,adnan502,adnan502@123,Adnan Farooq,House 367 - Quetta,115.3,0,Software Engineering,,Lab Instructor,,
503,teacher,zain503,zain503@123,Zain Rehman,House 616 - Peshawar,373.41,0,Mechanical Engineering,,Associate Professor,,
504,teacher,rizwan504,rizwan504@123,Rizwan Sheikh,House 315 - Peshawar,17.32,0,Business Administration,,Professor,,
505,teacher,imran505,imran505@123,Imran Baig,House 739 - Peshawar,272.25,0,Physics,,Assistant Professor,,
506,teacher,zain506,zain506@123,Zain Khan,House 436 - Faisalabad,82.68,0,Electrical Engineering,,Lab Instructor,,
507,teacher,saad507,saad507@123,Saad Rehman,House 150 - Sialkot,274.78,0,Electrical Engineering,,Lab Instructor,,
508,teacher,rizwan508,rizwan508@123,Rizwan Baig,House 194 - Peshawar,172.46,0,Business Administration,,Assistant Professor,,
509,teacher,zain509,zain509@123,Zain Malik,House 782 - Lahore,392.28,0,Mathematics,,Professor,,
510,teacher,saad510,saad510@123,Saad Hussain,House 341 - Sialkot,42.35,0,Electrical Engineering,,Lab Instructor,,
511,teacher,danish511,danish511@123,Danish Iqbal,House 601 - Quetta,62.42,0,Computer Science,,Lab Instructor,,
512,teacher,imran512,imran512@123,Imran Baig,House 156 - Multan,43.43,0,Mechanical Engineering,,Lab Instructor,,
513,teacher,zain513,zain513@123,Zain Ansari,House 223 - Quetta,32.06,0,Software Engineering,,Lecturer,,
514,teacher,adnan514,adnan514@123,Adnan Iqbal,House 662 - Karachi,198.16,0,Computer Science,,Assistant Professor,,
515,teacher,usman515,usman515@123,Usman Butt,House 479 - Quetta,444.75,0,Software Engineering,,Associate Professor,,
516,teacher,shahzaib516,shahzaib516@123,Shahzaib Hussain,House 54 - Faisalabad,377.2,0,Business Administration,,Lecturer,,
517,teacher,farhan517,farhan517@123,Farhan Ahmed,House 62 - Quetta,22.1,0,Mathematics,,Assistant Professor,,
518,teacher,ahsan518,ahsan518@123,Ahsan Ansari,House 655 - Karachi,61.99,0,Mathematics,,Lecturer,,
519,teacher,saad519,saad519@123,Saad Qureshi,House 480 - Rawalpindi,118.54,0,Electrical Engineering,,Lab Instructor,,
520,teacher,danish520,danish520@123,Danish Iqbal,House 885 - Lahore,202.61,0,Electrical Engineering,,Lab Instructor,,
521,teacher,farhan521,farhan521@123,Farhan Siddiqui,House 771 - Faisalabad,153.99,0,Business Administration,,Assistant Professor,,
522,teacher,shahzaib522,shahzaib522@123,Shahzaib Khan,House 808 - Lahore,489.02,0,Physics,,Assistant Professor,,
523,teacher,usman523,usman523@123,Usman Qureshi,House 31 - Lahore,388.59,0,Electrical Engineering,,Assistant Professor,,
524,teacher,zain524,zain524@123,Zain Khan,House 182 - Sialkot,255.06,0,Mathematics,,Associate Professor,,
525,teacher,imran525,imran525@123,Imran Qureshi,House 172 - Rawalpindi,376.41,0,Business Administration,,Lab Instructor,,
526,teacher,danish526,danish526@123,Danish Farooq,House 187 - Peshawar,347.09,0,Business Administration,,Lab Instructor,,
527,teacher,zain527,zain527@123,Zain Baig,House 462 - Rawalpindi,438.84,0,Mechanical Engineering,,Assistant Professor,,
528,teacher,ahsan528,ahsan528@123,Ahsan Ansari,House 105 - Lahore,390.74,0,Software Engineering,,Professor,,
529,teacher,tariq529,tariq529@123,Tariq Shah,House 668 - Faisalabad,88.69,0,Electrical Engineering,,Assistant Professor,,
530,teacher,bilal530,bilal530@123,Bilal Khan,House 711 - Lahore,50.97,0,Mechanical Engineering,,Lab Instructor,,
531,teacher,kamran531,kamran531@123,Kamran Farooq,House 68 - Karachi,6.54,0,Business Administration,,Associate Professor,,
532,teacher,ahmed532,ahmed532@123,Ahmed Sheikh,House 445 - Hyderabad,85.69,0,Software Engineering,,Professor,,
533,teacher,zain533,zain533@123,Zain Shah,House 299 - Faisalabad,371.64,0,Software Engineering,,Assistant Professor,,
534,teacher,hamza534,hamza534@123,Hamza Baig,House 328 - Peshawar,455,0,Business Administration,,Professor,,
535,teacher,adnan535,adnan535@123,Adnan Ahmed,House 320 - Sialkot,64.16,0,Physics,,Lab Instructor,,
536,teacher,farhan536,farhan536@123,Farhan Khan,House 807 - Peshawar,363.58,0,Mathematics,,Associate Professor,,
537,teacher,imran537,imran537@123,Imran Malik,House 356 - Karachi,306.15,0,Electrical Engineering,,Associate Professor,,
538,teacher,kamran538,kamran538@123,Kamran Sheikh,House 371 - Sialkot,298.98,0,Mathematics,,Associate Professor,,
539,teacher,ahmed539,ahmed539@123,Ahmed Hussain,House 847 - Islamabad,242.27,0,Mechanical Engineering,,Assistant Professor,,
540,teacher,ahsan540,ahsan540@123,Ahsan Farooq,House 148 - Lahore,430.96,0,Physics,,Lab Instructor,,
541,teacher,ahmed541,ahmed541@123,Ahmed Iqbal,House 808 - Quetta,481.4,0,Mechanical Engineering,,Lab Instructor,,
542,teacher,imran542,imran542@123,Imran Qureshi,House 962 - Karachi,436.99,0,Electrical Engineering,,Lab Instructor,,
543,teacher,imran543,imran543@123,Imran Khan,House 284 - Karachi,260.78,0,Mathematics,,Professor,,
544,teacher,hussain544,hussain544@123,Hussain Farooq,House 545 - Rawalpindi,143.81,0,Business Administration,,Lecturer,,
545,teacher,ahsan545,ahsan545@123,Ahsan Rehman,House 746 - Peshawar,152.35,0,Mechanical Engineering,,Lab Instructor,,
546,teacher,shahzaib546,shahzaib546@123,Shahzaib Iqbal,House 174 - Peshawar,99.99,0,Electrical Engineering,,Lecturer,,
547,teacher,salman547,salman547@123,Salman Hussain,House 170 - Faisalabad,339.78,0,Mathematics,,Associate Professor,,
548,teacher,usman548,usman548@123,Usman Shah,House 693 - Islamabad,295.49,0,Electrical Engineering,,Professor,,
549,teacher,salman549,salman549@123,Salman Malik,House 65 - Faisalabad,334.02,0,Physics,,Lecturer,,
550,teacher,adnan550,adnan550@123,Adnan Shah,House 322 - Lahore,56.44,0,Computer Science,,Professor,,
551,teacher,tariq551,tariq551@123,Tariq Khan,House 612 - Karachi,405.16,0,Mathematics,,Assistant Professor,,
552,teacher,shahzaib552,shahzaib552@123,Shahzaib Sheikh,House 763 - Faisalabad,486.9,0,Software Engineering,,Assistant Professor,,
553,teacher,ahsan553,ahsan553@123,Ahsan Chaudhry,House 306 - Peshawar,216.21,0,Mathematics,,Professor,,
554,teacher,ahmed554,ahmed554@123,Ahmed Malik,House 360 - Multan,410.94,0,Computer Science,,Professor,,
555,teacher,hussain555,hussain555@123,Hussain Sheikh,House 853 - Karachi,99.15,0,Mathematics,,Professor,,
556,teacher,usman556,usman556@123,Usman Ansari,House 577 - Karachi,376,0,Mathematics,,Lecturer,,
557,teacher,farhan557,farhan557@123,Farhan Malik,House 820 - Faisalabad,381.5,0,Mechanical Engineering,,Lecturer,,
558,teacher,hassan558,hassan558@123,Hassan Malik,House 367 - Rawalpindi,472.66,0,Mechanical Engineering,,Lab Instructor,,
559,teacher,ahmed559,ahmed559@123,Ahmed Hussain,House 900 - Rawalpindi,150.04,0,Electrical Engineering,,Professor,,
560,teacher,ali560,ali560@123,Ali Qureshi,House 647 - Rawalpindi,446.38,0,Business Administration,,Assistant Professor,,
561,teacher,bilal561,bilal561@123,Bilal Farooq,House 591 - Faisalabad,10.1,0,Electrical Engineering,,Professor,,
562,teacher,danish562,danish562@123,Danish Iqbal,House 625 - Lahore,128.34,0,Mathematics,,Professor,,
563,teacher,hussain563,hussain563@123,Hussain Rehman,House 56 - Lahore,263.43,0,Business Administration,,Lab Instructor,,
564,teacher,adnan564,adnan564@123,Adnan Ahmed,House 216 - Faisalabad,377.49,0,Business Administration,,Lecturer,,
565,teacher,saad565,saad565@123,Saad Iqbal,House 390 - Karachi,60,0,Business Administration,,Assistant Professor,,
566,teacher,shahzaib566,shahzaib566@123,Shahzaib Siddiqui,House 570 - Quetta,396.4,0,Physics,,Lecturer,,
567,teacher,noman567,noman567@123,Noman Qureshi,House 822 - Karachi,190.61,0,Physics,,Lab Instructor,,
568,teacher,tariq568,tariq568@123,Tariq Siddiqui,House 477 - Islamabad,220.48,0,Mechanical Engineering,,Lecturer,,
569,teacher,hamza569,hamza569@123,Hamza Rehman,House 923 - Multan,321.71,0,Software Engineering,,Associate Professor,,
570,teacher,salman570,salman570@123,Salman Siddiqui,House 743 - Faisalabad,377.67,0,Computer Science,,Lab Instructor,,
571,staff,ali601,ali601@123,Ali Baig,House 937 - Faisalabad,118.15,0,,,,Assistant Librarian,
572,staff,kamran602,kamran602@123,Kamran Baig,House 863 - Faisalabad,47.35,0,,,,Assistant Librarian,
573,staff,imran603,imran603@123,Imran Farooq,House 987 - Karachi,20.9,0,,,,Technician,
574,staff,bilal604,bilal604@123,Bilal Qureshi,House 229 - Islamabad,141.97,0,,,,Assistant Librarian,
575,staff,ahmed605,ahmed605@123,Ahmed Hussain,House 72 - Quetta,98.72,0,,,,Assistant Librarian,
576,staff,hassan606,hassan606@123,Hassan Baig,House 762 - Islamabad,127.25,0,,,,Assistant Librarian,
577,staff,zain607,zain607@123,Zain Butt,House 731 - Peshawar,144.45,0,,,,Assistant Librarian,
578,staff,tariq608,tariq608@123,Tariq Sheikh,House 2 - Peshawar,140.93,0,,,,Office Assistant,
579,staff,noman609,noman609@123,Noman Butt,House 933 - Islamabad,25.23,0,,,,Office Assistant,
580,staff,imran610,imran610@123,Imran Butt,House 479 - Karachi,10.39,0,,,,Assistant Librarian,
581,staff,bilal611,bilal611@123,Bilal Baig,House 124 - Lahore,68.96,0,,,,Clerk,
582,staff,salman612,salman612@123,Salman Ahmed,House 596 - Faisalabad,147.52,0,,,,Librarian,
583,staff,shahzaib613,shahzaib613@123,Shahzaib Malik,House 750 - Islamabad,102.37,0,,,,Office Assistant,
584,staff,hussain614,hussain614@123,Hussain Ansari,House 835 - Rawalpindi,100.04,0,,,,Librarian,
585,staff,rizwan615,rizwan615@123,Rizwan Qureshi,House 751 - Hyderabad,65.56,0,,,,Clerk,
586,staff,rizwan616,rizwan616@123,Rizwan Baig,House 243 - Quetta,109.54,0,,,,Librarian,
587,staff,ali617,ali617@123,Ali Iqbal,House 94 - Hyderabad,62.85,0,,,,Technician,
588,staff,ali618,ali618@123,Ali Siddiqui,House 716 - Sialkot,46.38,0,,,,Librarian,
589,staff,danish619,danish619@123,Danish Iqbal,House 598 - Multan,107.84,0,,,,Technician,
590,staff,zain620,zain620@123,Zain Qureshi,House 664 - Hyderabad,89.85,0,,,,Technician,
591,premium,salman701,salman701@123,Salman Rehman,House 294 - Multan,247.2,0,,,,,Gold
592,premium,bilal702,bilal702@123,Bilal Ansari,House 700 - Quetta,631.49,0,,,,,Platinum
593,premium,saad703,saad703@123,Saad Sheikh,House 557 - Lahore,807.69,0,,,,,Platinum
594,premium,hussain704,hussain704@123,Hussain Rehman,House 98 - Multan,398.11,0,,,,,Gold
595,premium,kamran705,kamran705@123,Kamran Malik,House 681 - Lahore,861.46,0,,,,,Platinum
596,premium,hassan706,hassan706@123,Hassan Sheikh,House 167 - Hyderabad,883.86,0,,,,,Diamond
597,premium,rizwan707,rizwan707@123,Rizwan Butt,House 961 - Faisalabad,188.49,0,,,,,Diamond
598,premium,noman708,noman708@123,Noman Shah,House 428 - Karachi,394.84,0,,,,,Gold
599,premium,usman709,usman709@123,Usman Qureshi,House 755 - Multan,327.21,0,,,,,Platinum
600,premium,usman710,usman710@123,Usman Baig,House 574 - Faisalabad,607.91,0,,,,,Diamond
601,premium,ahsan711,ahsan711@123,Ahsan Iqbal,House 711 - Lahore,960.49,0,,,,,Platinum
602,premium,bilal712,bilal712@123,Bilal Ansari,House 322 - Lahore,369.41,0,,,,,Diamond
603,premium,tariq713,tariq713@123,Tariq Rehman,House 835 - Islamabad,570.95,0,,,,,Diamond
604,premium,hassan714,hassan714@123,Hassan Ahmed,House 316 - Hyderabad,922.74,0,,,,,Platinum
605,premium,bilal715,bilal715@123,Bilal Qureshi,House 32 - Multan,711.64,0,,,,,Gold
606,premium,adnan716,adnan716@123,Adnan Ansari,House 639 - Multan,253.13,0,,,,,Diamond
607,premium,shahzaib717,shahzaib717@123,Shahzaib Rehman,House 598 - Quetta,106.55,0,,,,,Gold
608,premium,ahmed718,ahmed718@123,Ahmed Rehman,House 861 - Faisalabad,431.15,0,,,,,Gold
609,premium,saad719,saad719@123,Saad Chaudhry,House 594 - Hyderabad,929.69,0,,,,,Diamond
610,premium,rizwan720,rizwan720@123,Rizwan Chaudhry,House 379 - Karachi,364.67,0,,,,,Gold
611,premium,hassan721,hassan721@123,Hassan Shah,House 326 - Rawalpindi,468.69,0,,,,,Gold
612,premium,noman722,noman722@123,Noman Farooq,House 287 - Lahore,200.27,0,,,,,Diamond
613,premium,adnan723,adnan723@123,Adnan Rehman,House 408 - Sialkot,922.7,0,,,,,Platinum
614,premium,ali724,ali724@123,Ali Chaudhry,House 193 - Hyderabad,127.43,0,,,,,Gold
615,premium,ahsan725,ahsan725@123,Ahsan Sheikh,House 379 - Peshawar,959.29,0,,,,,Platinum
616,premium,imran726,imran726@123,Imran Shah,House 355 - Rawalpindi,719.8,0,,,,,Platinum
617,premium,noman727,noman727@123,Noman Shah,House 583 - Quetta,588.25,0,,,,,Diamond
618,premium,imran728,imran728@123,Imran Khan,House 968 - Faisalabad,401.07,0,,,,,Gold
619,premium,zain729,zain729@123,Zain Ahmed,House 511 - Karachi,950.97,0,,,,,Gold
620,premium,farhan730,farhan730@123,Farhan Butt,House 346 - Faisalabad,739.48,0,,,,,Gold
621,premium,tariq731,tariq731@123,Tariq Shah,House 779 - Quetta,476.17,0,,,,,Diamond
622,premium,rizwan732,rizwan732@123,Rizwan Shah,House 100 - Hyderabad,676.85,0,,,,,Gold
623,premium,noman733,noman733@123,Noman Shah,House 712 - Lahore,734.14,0,,,,,Gold
624,premium,hamza734,hamza734@123,Hamza Chaudhry,House 625 - Lahore,634.73,0,,,,,Gold
625,premium,hamza735,hamza735@123,Hamza Khan,House 956 - Sialkot,947.14,0,,,,,Gold
626,premium,hassan736,hassan736@123,Hassan Chaudhry,House 801 - Faisalabad,182.68,0,,,,,Platinum
627,premium,noman737,noman737@123,Noman Ahmed,House 262 - Islamabad,619.55,0,,,,,Platinum
628,premium,rizwan738,rizwan738@123,Rizwan Iqbal,House 649 - Rawalpindi,268.88,0,,,,,Gold
629,premium,shahzaib739,shahzaib739@123,Shahzaib Butt,House 741 - Sialkot,181.62,0,,,,,Diamond
630,premium,noman740,noman740@123,Noman Hussain,House 988 - Multan,450.65,0,,,,,Gold
631,premium,rizwan741,rizwan741@123,Rizwan Ahmed,House 585 - Karachi,393.87,0,,,,,Diamond
632,premium,tariq742,tariq742@123,Tariq Farooq,House 631 - Sialkot,434.23,0,,,,,Platinum
633,premium,danish743,danish743@123,Danish Malik,House 60 - Multan,426.42,0,,,,,Diamond
634,premium,hamza744,hamza744@123,Hamza Butt,House 566 - Islamabad,791.68,0,,,,,Gold
635,premium,bilal745,bilal745@123,Bilal Shah,House 645 - Rawalpindi,684.17,0,,,,,Diamond
636,premium,hamza746,hamza746@123,Hamza Ahmed,House 123 - Karachi,148.38,0,,,,,Diamond
637,premium,farhan747,farhan747@123,Farhan Siddiqui,House 730 - Rawalpindi,453.97,0,,,,,Platinum
638,premium,hussain748,hussain748@123,Hussain Sheikh,House 182 - Peshawar,891.43,0,,,,,Diamond
639,premium,hamza749,hamza749@123,Hamza Qureshi,House 303 - Islamabad,425.95,0,,,,,Platinum
640,premium,usman750,usman750@123,Usman Khan,House 120 - Quetta,704.73,0,,,,,Diamond
641,admin,admin1,admin1@123,Ali Raza,House 383 - Peshawar,0,0,,,,,
642,admin,admin2,admin2@123,Usman Tariq,House 913 - Hyderabad,0,0,,,,,
643,admin,admin3,admin3@123,Hassan Qureshi,House 494 - Karachi,0,0,,,,,
